{
  "model": "elitex:gun/five_seven_geo",
  "texture": "elitex:gun/uv/five_seven",
  "hud": "elitex:gun/hud/five_seven",
  "slot": "elitex:gun/slot/five_seven",
  "animation": "elitex:five_seven",
  "use_default_animation": "pistol",
  "transform": {
    "scale": {
      "thirdperson": [0.8, 0.8, 0.8],
      "ground": [0.6, 0.6, 0.6],
      "fixed": [1.0, 1.0, 1.0]
    }
  },
  "shell": {
    "initial_velocity": [8.0, 5.0, -0.5],
    "random_velocity": [2.5, 1.5, 0.25],
    "acceleration": [0.0, -20, 0.0],
    "angular_velocity": [-720, -720, 90],
    "living_time": 1.9
  },
  "muzzle_flash": {
    "texture": "tacz:flash/common_muzzle_flash",
    "scale": 1
  },
  "sounds": {
    "reload_empty": "elitex:pistols/five_seven/five_seven_empty_reload",
    "reload_tactical": "elitex:pistols/five_seven/five_seven_normal_reload",
    "inspect": "elitex:pistols/five_seven/five_seven_inspect",
    "inspect_empty": "elitex:pistols/five_seven/five_seven_inspect_empty",
    "draw": "elitex:pistols/five_seven/five_seven_draw",
    "shoot": "elitex:pistols/five_seven/five_seven_fire",
    "shoot_3p": "elitex:pistols/five_seven/five_seven_fire_3p",
    "silence": "elitex:pistols/five_seven/five_seven_suppressed",
    "silence_3p": "elitex:pistols/five_seven/five_seven_suppressed_3p",
    "put_away": "elitex:pistols/five_seven/five_seven_put_away"
  },
  "offhand_show": {
    "pos": [4, 13, -1],
    "rotate": [-90, -35, 90],
    "scale": [0.2, 0.2, 0.2]
  },
  "hotbar_show": {
    "0": {
      "pos": [-5, 13, -1],
      "rotate": [-90, -35, 90],
      "scale": [0.5, 0.5, 0.5]
    }
  }
}