{
  "model": "elitex:gun/kar98k_geo",
  "texture": "elitex:gun/uv/kar98k",
  "hud": "elitex:gun/hud/kar98k",
  "slot": "elitex:gun/slot/kar98k",
  "animation": "elitex:kar98k",
  "use_default_animation": "rifle",
  "transform": {
    "scale": {
      "thirdperson": [0.6, 0.6, 0.6],
      "ground": [0.6, 0.6, 0.6],
      "fixed": [1.2, 1.2, 1.2]
    }
  },
  "muzzle_flash": {
    "texture": "tacz:flash/common_muzzle_flash",
    "scale": 1
  },
  "sounds": {
    "shoot": "elitex:bolt_action_rifles/kar98k/kar98k_fire",
    "shoot_3p": "elitex:bolt_action_rifles/kar98k/kar98k_fire_3p",
    "reload_empty": "elitex:bolt_action_rifles/kar98k/kar98k_empty_reload",
    "reload_tactical": "elitex:bolt_action_rifles/kar98k/kar98k_normal_reload",
    "inspect": "elitex:bolt_action_rifles/kar98k/kar98k_inspect",
    "inspect_empty": "elitex:bolt_action_rifles/kar98k/kar98k_inspect_empty",
    "draw": "elitex:bolt_action_rifles/kar98k/kar98k_draw",
    "bolt": "elitex:bolt_action_rifles/kar98k/kar98k_bolt_rechamber",
    "put_away": "elitex:bolt_action_rifles/kar98k/kar98k_put_away",
    "silence": "elitex:bolt_action_rifles/kar98k/kar98k_suppressed",
    "silence_3p": "elitex:bolt_action_rifles/kar98k/kar98k_suppressed_3p"
  },
  "offhand_show": {
    "pos": [-2, 20, 4],
    "rotate": [0, 0, 45],
    "scale": [0.5, 0.5, 0.5]
  },
  "hotbar_show": {
    "0": {
      "pos": [-4, 26, 3],
      "rotate": [-90, -5, -90],
      "scale": [0.5, 0.5, 0.5]
    }
  }
}