{
  "ammo": "tacz:762x39",
  "ammo_amount": 30,
  "bolt": "closed_bolt",
  "rpm": 620,
  "bullet": {
    "life": 0.8,
    "bullet_amount": 1,
    "damage": 7 ,
    "tracer_count_interval": 0,
    "extra_damage": {
      "armor_ignore": 0.3,
      "head_shot_multiplier": 1.2,
      "damage_adjust": [
        {"distance": 0.5, "damage": 7},
        {"distance": 25, "damage": 6},
        {"distance": 50, "damage": 5.5},
        {"distance": 80, "damage": 4.5},
        {"distance": 120, "damage": 3.5},
        {"distance": "infinite", "damage": 2.5}
      ]
    },
    "speed": 240,
    "gravity": 0.0245,
    "knockback": 0,
    "friction": 0.01,
    "ignite": false,
    "ignite_entity_time": 2,
    "pierce": 1
  },
  "reload": {
    "type": "magazine",
    "feed": {
      "empty": 2.25,
      "tactical": 1.29
    },
    "cooldown": {
      "empty": 2.67,
      "tactical": 2.21
    }
  },

  "draw_time": 1.71,
  "put_away_time": 0.83,
  "aim_time": 0.1,
  "sprint_time": 0.1,
  "fire_mode": [
    "auto",
    "semi"
  ],
  "burst_data": {
    "continuous_shoot": true,
    "count": 3,
    "bpm": 900,
    "min_interval": 0.3
  },
  "recoil": {
    "pitch": [
      {"time": 0, "value": [0.7, 0.7]},
      {"time": 0.25, "value": [0.7, 0.7]},
      {"time": 0.45, "value": [-0.175, -0.175]},
      {"time": 0.6, "value": [0, 0]}
    ],
    "yaw": [
      {"time": 0, "value": [-0.35, -0.15]},
      {"time": 0.25, "value": [-0.35, -0.15]},
      {"time": 0.45, "value": [0, 0]}
    ]
  },
  "hurt_bob_tweak_multiplier": 0.05,
  "inaccuracy": {
    "stand": 7,
    "move": 5.75,
    "sneak": 3.5,
    "lie": 2.5,
    "aim": 0.15
  },

  "allow_attachment_types": [
    "scope",
    "muzzle",
    "grip"
  ],
  "exclusive_attachments": {
    "tacz:scope_standard_8x": {
      "weight": 2.0,
      "ads_addend": 0.04,
      "inaccuracy_addend": -0.4,
      "recoil_modifier": {
        "pitch": -0.2,
        "yaw": -0.1
      }
    }
  }
}