{
  "ammo": "elitex:sig_fury_ammo",
  "ammo_amount": 20,
  "extended_mag_ammo_amount": [
    30,
    40,
    45
  ],
  "bolt": "closed_bolt",
  "rpm": 720,
  "bullet": {
    "life": 0.75,
    "bullet_amount": 1,
    "damage": 8,
    "tracer_count_interval": 0,
    "extra_damage": {
      "armor_ignore": 0.2,
      "head_shot_multiplier": 1.2,
      "damage_adjust": [
        {"distance": 0.5, "damage": 8.0},
        {"distance": 25, "damage": 5.5},
        {"distance": 60, "damage": 3.5},
        {"distance": "infinite", "damage": 1.5}
      ]
    },
    "speed": 265,
    "gravity": 0.0245,
    "knockback": 0,
    "friction": 0.015,
    "ignite": false,
    "pierce": 1
  },
  "reload": {
    "type": "magazine",
    "feed": {
      "empty": 1.9,
      "tactical": 1.42
    },
    "cooldown": {
      "empty": 2.75,
      "tactical": 2.21
    }
  },
  "draw_time": 0.92,
  "put_away_time": 0.88,
  "aim_time": 0.1,
  "sprint_time": 0.2,
  "fire_mode": [
    "auto",
    "semi"
  ],
  "burst_data": {
    "continuous_shoot": false,
    "count": 3,
    "bpm": 900,
    "min_interval": 0.3
  },
  "recoil": {
    "pitch": [
      {"time": 0, "value": [0.55, 0.55]},
      {"time": 0.3, "value": [0.55, 0.55]},
      {"time": 0.5, "value": [-0.125, -0.125]},
      {"time": 0.65, "value": [0, 0]}
    ],
    "yaw": [
      {"time": 0, "value": [0.15, 0.25]},
      {"time": 0.3, "value": [0.15, 0.25]},
      {"time": 0.5, "value": [0, 0]}
    ]
  },
  "inaccuracy": {
    "stand": 2,
    "move": 2,
    "sneak": 3,
    "lie": 1,
    "aim": 0.111
  },
  "allow_attachment_types": [
    "scope",
    "muzzle",
    "extended_mag"
  ]
}