{
  "model": "elitex:gun/benelli_super_geo",
  "texture": "elitex:gun/uv/benelli_super",
  "hud": "elitex:gun/hud/benelli_super",
  "slot": "elitex:gun/slot/benelli_super",
  "animation": "elitex:benelli_super",
  "use_default_animation": "rifle",
  "third_person_animation": "default",
  "transform": {
    "scale": {
      "thirdperson": [0.6, 0.6, 0.6],
      "ground": [0.6, 0.6, 0.6],
      "fixed": [1.2, 1.2, 1.2]
    }
  },
  "muzzle_flash": {
    "texture": "tacz:flash/common_muzzle_flash",
    "scale": 0.75
  },
  "shell": {
    "initial_velocity": [5, 2, 1],
    "random_velocity": [1, 1, 0.25],
    "acceleration": [0.0, -10, 0.0],
    "angular_velocity": [360, -1200, 90],
    "living_time": 1.0
  },
  "sounds": {
    "shoot": "elitex:shotguns/benelli_super/benelli_super_fire",
    "shoot_3p": "elitex:shotguns/benelli_super/benelli_super_fire_3p",
    "silence": "elitex:shotguns/benelli_super/benelli_super_suppressed",
    "silence_3p": "elitex:shotguns/benelli_super/benelli_super_suppressed_3p",
    "reload_empty": "elitex:shotguns/benelli_super/benelli_super_empty_reload",
    "reload_tactical": "elitex:shotguns/benelli_super/benelli_super_normal_reload",
    "inspect": "elitex:shotguns/benelli_super/benelli_super_inspect",
    "inspect_empty": "elitex:shotguns/benelli_super/benelli_super_inspect_empty",
    "draw": "elitex:shotguns/benelli_super/benelli_super_draw",
    "put_away": "elitex:shotguns/benelli_super/benelli_super_put_away",
    "melee_push": "tacz:melee_stock/melee_stock_01",
    "melee_stock": "tacz:melee_stock/melee_stock_02"
  },
  "offhand_show": {
    "pos": [1, 19, 4],
    "rotate": [0, 0, 50],
    "scale": [0.3, 0.3, 0.3]
  },
  "hotbar_show": {
    "0": {
      "pos": [-1, 19, 3],
      "rotate": [-180, 0, 130],
      "scale": [0.5, 0.5, 0.5]
    }
  }
}